article_year|article_month|title|link
2022|12|2022 雙魚、巨蟹、天蠍：水象星座十二月運勢|https://womany.net/read/article/31336?type=interest&interest=22&ref=wi-interest
2022|12|2022 雙子、天秤、水瓶：風象星座十二月運勢|https://womany.net/read/article/31335?type=interest&interest=22&ref=wi-interest
2022|12|2022 牡羊、獅子、射手：火象星座十二月運勢|https://womany.net/read/article/31333?type=interest&interest=22&ref=wi-interest
2022|12|2022 金牛、處女、摩羯：土象星座十二月運勢|https://womany.net/read/article/31332?type=interest&interest=22&ref=wi-interest
2022|11|2022 雙子、天秤、水瓶：風象星座十一月運勢|https://womany.net/read/article/31200?type=interest&interest=22&tag=540&ref=wi-interest
2022|11|2022 金牛、處女、摩羯：土象星座十一月運勢|https://womany.net/read/article/31199?type=interest&interest=22&tag=540&ref=wi-interest
2022|11|2022 雙魚、巨蟹、天蠍：水象星座十一月運勢|https://womany.net/read/article/31194?type=interest&interest=22&tag=540&ref=wi-interest
2022|11|2022 牡羊、獅子、射手：火象星座十一月運勢|https://womany.net/read/article/31193?type=interest&interest=22&tag=540&ref=wi-interest
2022|10|2022 牡羊、獅子、射手：火象星座十月運勢|https://womany.net/read/article/31092?type=interest&interest=22&tag=540&ref=wi-interest
2022|10|2022 雙魚、巨蟹、天蠍：水象星座十月運勢|https://womany.net/read/article/31091?type=interest&interest=22&tag=540&ref=wi-interest
2022|10|2022 金牛、處女、摩羯：土象星座十月運勢|https://womany.net/read/article/31088?type=interest&interest=22&tag=540&ref=wi-interest
2022|10|2022 雙子、天秤、水瓶：風象星座十月運勢|https://womany.net/read/article/31089?type=interest&interest=22&tag=540&ref=wi-interest
2022|9|2022 雙魚、巨蟹、天蠍：水象星座九月運勢|https://womany.net/read/article/30984?type=interest&interest=22&tag=540&ref=wi-interest
2022|9|2022 金牛、處女、摩羯：土象星座九月運勢|https://womany.net/read/article/30982?type=interest&interest=22&tag=540&ref=wi-interest
2022|9|2022 雙子、天秤、水瓶：風象星座九月運勢|https://womany.net/read/article/30983?type=interest&interest=22&tag=540&ref=wi-interest
2022|9|2022 牡羊、獅子、射手：火象星座九月運勢|https://womany.net/read/article/30981?type=interest&interest=22&tag=540&ref=wi-interest
2022|8|2022 金牛、處女、摩羯：土象星座八月運勢|https://womany.net/read/article/30899?type=interest&interest=22&tag=540&ref=wi-interest
2022|8|2022 牡羊、獅子、射手：火象星座八月運勢|https://womany.net/read/article/30898?type=interest&interest=22&tag=540&ref=wi-interest
2022|8|2022 雙子、天秤、水瓶：風象星座八月運勢|https://womany.net/read/article/30894?type=interest&interest=22&tag=540&ref=wi-interest
2022|8|2022 雙魚、巨蟹、天蠍：水象星座八月運勢|https://womany.net/read/article/30895?type=interest&interest=22&tag=540&ref=wi-interest
2022|7|2022 牡羊、獅子、射手：火象星座七月運勢|https://womany.net/read/article/30739?type=interest&interest=22&tag=540&ref=wi-interest
2022|7|2022 金牛、處女、摩羯：土象星座七月運勢|https://womany.net/read/article/30738?type=interest&interest=22&tag=540&ref=wi-interest
2022|7|2022 雙子、天秤、水瓶：風象星座七月運勢|https://womany.net/read/article/30737?type=interest&interest=22&tag=540&ref=wi-interest
2022|7|2022 雙魚、巨蟹、天蠍：水象星座七月運勢|https://womany.net/read/article/30735?type=interest&interest=22&tag=540&ref=wi-interest
2022|6|2022 雙子、天秤、水瓶：風象星座六月運勢|https://womany.net/read/article/30633?type=interest&interest=22&tag=540&ref=wi-interest
2022|6|2022 金牛、處女、摩羯：土象星座六月運勢|https://womany.net/read/article/30632?type=interest&interest=22&tag=540&ref=wi-interest
2022|6|2022 牡羊、獅子、射手：火象星座六月運勢|https://womany.net/read/article/30626?type=interest&interest=22&tag=540&ref=wi-interest
2022|6|2022 雙魚、巨蟹、天蠍：水象星座六月運勢|https://womany.net/read/article/30625?type=interest&interest=22&tag=540&ref=wi-interest
2022|5|2022 雙魚、巨蟹、天蠍：水象星座五月運勢|https://womany.net/read/article/30523?type=interest&interest=22&tag=540&ref=wi-interest
2022|5|2022 雙子、天秤、水瓶：風象星座五月運勢|https://womany.net/read/article/30525?type=interest&interest=22&tag=540&ref=wi-interest
2022|5|2022 金牛、處女、摩羯：土象星座五月運勢|https://womany.net/read/article/30526?type=interest&interest=22&tag=540&ref=wi-interest
2022|5|2022 牡羊、獅子、射手：火象星座五月運勢|https://womany.net/read/article/30522?type=interest&interest=22&tag=540&ref=wi-interest
2022|4|2022 雙子、天秤、水瓶：風象星座四月運勢|https://womany.net/read/article/28580?type=interest&interest=22&tag=540&ref=wi-interest
2022|4|2022 牡羊、獅子、射手：火象星座四月運勢|https://womany.net/read/article/28587?type=interest&interest=22&tag=540&ref=wi-interest
2022|4|2022 雙魚、巨蟹、天蠍：水象星座四月運勢|https://womany.net/read/article/28581?type=interest&interest=22&tag=540&ref=wi-interest
2022|4|2022 金牛、處女、摩羯：土象星座四月運勢|https://womany.net/read/article/28574?type=interest&interest=22&tag=540&ref=wi-interest
2022|3|2022 雙魚、巨蟹、天蠍：水象星座三月運勢|https://womany.net/read/article/28449?type=interest&interest=22&tag=540&ref=wi-interest
2022|3|2022 雙子、天秤、水瓶：風象星座三月運勢|https://womany.net/read/article/28448?type=interest&interest=22&tag=540&ref=wi-interest
2022|3|2022 金牛、處女、摩羯：土象星座三月運勢|https://womany.net/read/article/28447?type=interest&interest=22&tag=540&ref=wi-interest
2022|3|2022 牡羊、獅子、射手：火象星座三月運勢|https://womany.net/read/article/28445?type=interest&interest=22&tag=540&ref=wi-interest
2022|2|2022 雙子、天秤、水瓶：風象星座二月運勢|https://womany.net/read/article/28351?type=interest&interest=22&tag=540&ref=wi-interest
2022|2|2022 金牛、處女、摩羯：土象星座二月運勢|https://womany.net/read/article/28350?type=interest&interest=22&tag=540&ref=wi-interest
2022|2|2022 牡羊、獅子、射手：火象星座二月運勢|https://womany.net/read/article/28349?type=interest&interest=22&tag=540&ref=wi-interest
2022|2|2022 雙魚、巨蟹、天蠍：水象星座二月運勢|https://womany.net/read/article/28343?type=interest&interest=22&tag=540&ref=wi-interest
2022|1|2022 雙子、天秤、水瓶：風象星座一月運勢|https://womany.net/read/article/28244?type=interest&interest=22&tag=540&ref=wi-interest
2022|1|2022 牡羊、獅子、射手：火象星座一月運勢|https://womany.net/read/article/28241?type=interest&interest=22&tag=540&ref=wi-interest
2022|1|2022 雙魚、巨蟹、天蠍：水象星座一月運勢|https://womany.net/read/article/28240?type=interest&interest=22&tag=540&ref=wi-interest
2022|1|2022 金牛、處女、摩羯：土象星座一月運勢|https://womany.net/read/article/28238?type=interest&interest=22&tag=540&ref=wi-interest
2021|12|2021 雙子、天秤、水瓶：風象星座十二月運勢|https://womany.net/read/article/28109?type=interest&interest=22&tag=540&ref=wi-interest
2021|12|2021 金牛、處女、摩羯：土象星座十二月運勢|https://womany.net/read/article/28108?type=interest&interest=22&tag=540&ref=wi-interest
2021|12|2021 牡羊、獅子、射手：火象星座十二月運勢|https://womany.net/read/article/28106?type=interest&interest=22&tag=540&ref=wi-interest
2021|12|2021 雙魚、巨蟹、天蠍：水象星座十二月運勢|https://womany.net/read/article/28104?type=interest&interest=22&tag=540&ref=wi-interest
2021|11|2021 雙子、天秤、水瓶：風象星座十一月運勢|https://womany.net/read/article/27966?type=interest&interest=22&tag=540&ref=wi-interest
2021|11|2021 金牛、處女、摩羯：土象星座十一月運勢|https://womany.net/read/article/27963?type=interest&interest=22&tag=540&ref=wi-interest
2021|11|2021 牡羊、獅子、射手：火象星座十一月運勢|https://womany.net/read/article/27962?type=interest&interest=22&tag=540&ref=wi-interest
2021|11|2021 雙魚、巨蟹、天蠍：水象星座十一月運勢|https://womany.net/read/article/27961?type=interest&interest=22&tag=540&ref=wi-interest
2021|10|2021 雙子、天秤、水瓶：風象星座十月運勢|https://womany.net/read/article/27805?type=interest&interest=22&tag=540&ref=wi-interest
2021|10|2021 金牛、處女、摩羯：土象星座十月運勢|https://womany.net/read/article/27804?type=interest&interest=22&tag=540&ref=wi-interest
2021|10|2021 牡羊、獅子、射手：火象星座十月運勢|https://womany.net/read/article/27803?type=interest&interest=22&tag=540&ref=wi-interest
2021|10|2021 雙魚、巨蟹、天蠍：水象星座十月運勢|https://womany.net/read/article/27802?type=interest&interest=22&tag=540&ref=wi-interest
2021|9|2021 雙子、天秤、水瓶：風象星座九月運勢|https://womany.net/read/article/27665?type=interest&interest=22&tag=540&ref=wi-interest
2021|9|2021 金牛、處女、摩羯：土象星座九月運勢|https://womany.net/read/article/27664?type=interest&interest=22&tag=540&ref=wi-interest
2021|9|2021 牡羊、獅子、射手：火象星座九月運勢|https://womany.net/read/article/27663?type=interest&interest=22&tag=540&ref=wi-interest
2021|9|2021 雙魚、巨蟹、天蠍：水象星座九月運勢|https://womany.net/read/article/27662?type=interest&interest=22&tag=540&ref=wi-interest
2021|8|2021 雙子、天秤、水瓶：風象星座八月運勢|https://womany.net/read/article/27550?type=interest&interest=22&tag=540&ref=wi-interest
2021|8|2021 金牛、處女、摩羯：土象星座八月運勢|https://womany.net/read/article/27549?type=interest&interest=22&tag=540&ref=wi-interest
2021|8|2021 牡羊、獅子、射手：火象星座八月運勢|https://womany.net/read/article/27548?type=interest&interest=22&tag=540&ref=wi-interest
2021|8|2021 雙魚、巨蟹、天蠍：水象星座八月運勢|https://womany.net/read/article/27547?type=interest&interest=22&tag=540&ref=wi-interest
2021|7|2021 雙子、天秤、水瓶：風象星座七月運勢|https://womany.net/read/article/27377?type=interest&interest=22&tag=540&ref=wi-interest
2021|7|2021 金牛、處女、摩羯：土象星座七月運勢|https://womany.net/read/article/27376?type=interest&interest=22&tag=540&ref=wi-interest
2021|7|2021 牡羊、獅子、射手：火象星座七月運勢|https://womany.net/read/article/27374?type=interest&interest=22&tag=540&ref=wi-interest
2021|7|2021 雙魚、巨蟹、天蠍：水象星座七月運勢|https://womany.net/read/article/27373?type=interest&interest=22&tag=540&ref=wi-interest
2021|6|2021 金牛、處女、摩羯：土象星座六月運勢|https://womany.net/read/article/27230?type=interest&interest=22&tag=540&ref=wi-interest
2021|6|2021 牡羊、獅子、射手：火象星座六月運勢|https://womany.net/read/article/27229?type=interest&interest=22&tag=540&ref=wi-interest
2021|6|2021 雙魚、巨蟹、天蠍：水象星座六月運勢|https://womany.net/read/article/27228?type=interest&interest=22&tag=540&ref=wi-interest
2021|6|2021 雙子、天秤、水瓶：風象星座六月運勢|https://womany.net/read/article/27245?type=interest&interest=22&tag=540&ref=wi-interest
2021|5|2021 雙子、天秤、水瓶：風象星座五月運勢|https://womany.net/read/article/27061?type=interest&interest=22&tag=540&ref=wi-interest
2021|5|2021 金牛、處女、摩羯：土象星座五月運勢|https://womany.net/read/article/27060?type=interest&interest=22&tag=540&ref=wi-interest
2021|5|2021 牡羊、獅子、射手：火象星座五月運勢|https://womany.net/read/article/27059?type=interest&interest=22&tag=540&ref=wi-interest
2021|5|2021 雙魚、巨蟹、天蠍：水象星座五月運勢|https://womany.net/read/article/27058?type=interest&interest=22&tag=540&ref=wi-interest
2021|4|2021 雙子、天秤、水瓶：風象星座四月運勢|https://womany.net/read/article/26848?type=interest&interest=22&tag=540&ref=wi-interest
2021|4|2021 金牛、處女、摩羯：土象星座四月運勢|https://womany.net/read/article/26840?type=interest&interest=22&tag=540&ref=wi-interest
2021|4|2021 牡羊、獅子、射手：火象星座四月運勢|https://womany.net/read/article/26839?type=interest&interest=22&tag=540&ref=wi-interest
2021|4|2021 雙魚、巨蟹、天蠍：水象星座四月運勢|https://womany.net/read/article/26838?type=interest&interest=22&tag=540&ref=wi-interest
2021|3|2021 雙子、天秤、水瓶：風象星座三月運勢|https://womany.net/read/article/26626?type=interest&interest=22&tag=540&ref=wi-interest
2021|3|2021 金牛、處女、摩羯：土象星座三月運勢|https://womany.net/read/article/26625?type=interest&interest=22&tag=540&ref=wi-interest
2021|3|2021 牡羊、獅子、射手：火象星座三月運勢|https://womany.net/read/article/26622?type=interest&interest=22&tag=540&ref=wi-interest
2021|3|2021 雙魚、巨蟹、天蠍：水象星座三月運勢|https://womany.net/read/article/26621?type=interest&interest=22&tag=540&ref=wi-interest
2021|2|2021 雙子、天秤、水瓶：風象星座二月運勢|https://womany.net/read/article/26385?type=interest&interest=22&tag=540&ref=wi-interest
2021|2|2021 金牛、處女、摩羯：土象星座二月運勢|https://womany.net/read/article/26384?type=interest&interest=22&tag=540&ref=wi-interest
2021|2|2021 牡羊、獅子、射手：火象星座二月運勢|https://womany.net/read/article/26383?type=interest&interest=22&tag=540&ref=wi-interest
2021|2|2021 雙魚、巨蟹、天蠍：水象星座二月運勢|https://womany.net/read/article/26382?type=interest&interest=22&tag=540&ref=wi-interest
2021|1|2021 雙子、天秤、水瓶：風象星座一月運勢|https://womany.net/read/article/26119?type=interest&interest=22&tag=540&ref=wi-interest
2021|1|2021 金牛、處女、摩羯：土象星座一月運勢|https://womany.net/read/article/26118?type=interest&interest=22&tag=540&ref=wi-interest
2021|1|2021 牡羊、獅子、射手：火象星座一月運勢|https://womany.net/read/article/26117?type=interest&interest=22&tag=540&ref=wi-interest
2021|1|2021 雙魚、巨蟹、天蠍：水象星座一月運勢|https://womany.net/read/article/26114?type=interest&interest=22&tag=540&ref=wi-interest
